alter table restaurant drop foreign key restaurant_ibfk_1;
ALTER TABLE manager ADD FOREIGN KEY (SSN) REFERENCES restaurant(managerID);


ALTER TABLE manager MODIFY COLUMN ssn VARCHAR(11);
ALTER TABLE employee MODIFY COLUMN ssn VARCHAR(11);
ALTER TABLE sale MODIFY COLUMN empId VARCHAR(11);
ALTER TABLE server MODIFY COLUMN ssn VARCHAR(11);
ALTER TABLE restaurant MODIFY COLUMN managerID VARCHAR(11);
ALTER TABLE schedule MODIFY COLUMN empID VARCHAR(11);


insert into restaurant (restaurantID, restaurantName, openingDate, totalProfit, grossRevenue, avgYearlyProfit, operatingCost, restaurantType, openingTime, closingTime, managerID) VALUES
(1001, 'Mellow Mushroom', '2001:08:15', 0, 0, 0, 0, 'American', '7:00', '22:30', '263-96-8558'),
(1002, 'Bar Taco', '2018:05:10', 0, 0, 0, 0, 'Mexican', '8:30', '22:30', '851-82-4583'),
(1003, 'Yard House', '2018:05:10', 0, 0, 0, 0, 'American', '9:00', '22:30', '598-79-4573'),
(1004, 'Peter Changs', '2015:12:22', 0, 0, 0, 0, 'Chinese', '7:00', '22:30', '625-25-7198'),
(1005, 'Maggianos', '2001:03:01', 0, 0, 0, 0, 'Italian', '8:00', '22:30', '714-89-4372'),
(1006, 'Red Lobster', '1998:10:01', 0, 0, 0, 0, 'Seafood', '7:00', '22:30', '123-25-7198'),
(1007, 'Bjs Restaurant', '2004:07:21', 0, 0, 0, 0, 'American', '7:00', '22:30', '247-53-9978'),
(1008, 'Cookout', '2011:11:11', 0, 0, 0, 0, 'Fast Food', '7:00', '2:00', '678-64-4662'),
(1009, 'Waffle House', '2017:09:27', 0, 0, 0, 0, 'Breakfast', '5:00', '2:00', '467-25-7198'),
(1010, 'Sushi Place', '2016:11:19', 0, 0, 0, 0, 'Asian', '8:00', '23:00', '788-98-5498');

insert into employee (SSN, employeeName, contractType, fullTime, phone, address, pay, restaurantID)  values
('263-96-8558','Kellsie Vany', 'W-2', 0,'451-612-4388','8058 Havey Park',42.38, 1001),
('851-82-4583','Giselbert Dun','W-2',1,'268-658-5705','70 Commercial Point',44.42, 1002),
('598-79-4573','Kiley Hixson','1099',0,'438-973-2339','7 David Alley',44.66, 1003),
('660-71-4984','Cherry Riditch','1099',1,'612-549-9117','8 Ruskin Lane',7.53, 1001),
('481-71-2946','Becky Aujean','W-2',1,'626-534-9249','87876 Melvin Drive',3.55, 1002),
('560-60-1828','Guglielmo Edie','1099',1,'582-850-2359','66696 Sycamore Alley',53.11, 1003),
('458-74-3004','Raimondo Liebmann','W-2',0,'345-173-7969','96 Fieldstone Alley',42.78, 1004),
('680-80-2667','Ulrick Karpmann','W-2',0,'582-767-9339','5 Esker Avenue',92.12, 1005),
('843-25-4945','Ashla Deeks','1099',0,'837-370-9898','01 Forest Dale Hill',40.56, 1006),
('447-01-1032','Carlee Kenelin','1099',0,'108-680-6048','06 Cambridge Terrace',84.85, 1007),
('441-95-8841','Stace Farris','W-2',1,'360-574-2333','045 Clarendon Pass',76.03, 1008),
('606-34-4032','Alyce Byres','1099',1,'685-371-1985','340 Londonderry Terrace',30.89, 1009),
('556-15-3078','Jessika Blonfield','1099',1,'769-216-5748','94 Laurel Trail',85.11, 1010),
('625-25-7198','Odo Pascall','W-2',0,'802-686-4940','614 Montana Circle',88.53, 1004),
('714-89-4372','Lou Durak','W-2',1,'364-720-8399','33 Mayer Alley',5.22, 1005),
('123-25-7198','Bob Pascoot','W-2',1,'802-868-4900','714 Montana Square', 65.53, 1006),
('247-53-9978','Allen Yams','1099',0,'856-345-4000','416 Square St', 53.65, 1007),
('678-64-4662','Pop Jacobs','W-2',1,'467-505-3232','32 Round St', 43.12, 1008),
('467-25-7198','Will Marks','1099',0,'757-322-2178','123 Main St', 24.53, 1009),
('788-98-5498','Mark Wills','1099',0,'804-455-3569','6776 Lincoln Ave', 78.53, 1010);



Insert Into schedule (ScheduleID, ScheduleDate, StartShift, EndShift, EmpId, restaurantID) VALUES
(1,'2019:3:4','8:25','5:30', '263-96-8558', 1001),
(2,'2019:3:5','8:25','5:30', '263-96-8558', 1001),
(3,'2019:3:8','10:25','5:30', '263-96-8558', 1001),
(4,'2019:3:9','8:25','5:30', '263-96-8558', 1001),
(5,'2019:3:10','8:25','5:30', '263-96-8558', 1001),
(6,'2019:3:11','10:25','5:30', '263-96-8558', 1001),
(7,'2019:10:1','7:00','19:00', '851-82-4583', 1002 ),
(8,'2018:2:14','9:00','12:00', '598-79-4573', 1003 ),
(9,'2018:2:16','12:00','17:00', '598-79-4573', 1003 ),
(10,'2018:2:17','12:00','18:00', '598-79-4573', 1003 ),
(11,'2019:1:23','9:00','17:00', '660-71-4984', 1001 ),
(12,'2019:1:25','9:00','15:00', '660-71-4984', 1001 ),
(13,'2018:12:3','7:00','15:00', '481-71-2946', 1002 ),
(14,'2018:12:4','10:00','15:00', '481-71-2946', 1002 ),
(15,'2019:4:11','9:00','11:00', '560-60-1828', 1003 ),
(16,'2019:4:11','9:00','11:00', '560-60-1828', 1003 ),
(17,'2018:12:6', '8:00','13:30', '458-74-3004', 1004 ),
(18,'2018:12:15', '8:00','13:30', '458-74-3004', 1004 ),
(19,'2019:10:17', '12:00','18:30', '788-98-5498', 1010 ),
(20,'2019:10:27', '12:00','18:30', '788-98-5498', 1010 ),
(21,'2018:12:20', '9:00' ,'14:30', '680-80-2667', 1005 ),
(22,'2018:12:23', '13:00' ,'18:30', '680-80-2667', 1005 ),
(23,'2019:3:19', '9:30' ,'15:45', '843-25-4945', 1006 ),
(24,'2019:3:21', '10:30' ,'16:45', '843-25-4945', 1006 ),
(25,'2019:3:17', '9:30' ,'15:45', '447-01-1032', 1007 ),
(26,'2019:3:18', '9:30' ,'15:45', '447-01-1032', 1007 ),
(27,'2019:3:16', '7:30' ,'14:45', '441-95-8841', 1008 ),
(28,'2019:3:19', '11:30' ,'15:45', '441-95-8841', 1008 ),
(29,'2019:3:15', '9:30' ,'15:45', '606-34-4032', 1009 ),
(30,'2019:3:16', '9:30' ,'13:45', '606-34-4032', 1009 ),
(31,'2019:4:17', '9:30' ,'15:45', '556-15-3078', 1010 ),
(32,'2019:4:16', '9:30' ,'15:45', '625-25-7198', 1004 ),
(33,'2019:4:15', '9:30' ,'15:45', '714-89-4372', 1005 ),
(34,'2019:4:16', '9:30' ,'17:45', '714-89-4372', 1005 ),
(35,'2019:4:17', '10:30' ,'16:45', '714-89-4372', 1005 ),
(36,'2019:5:14', '9:30' ,'15:45', '123-25-7198', 1006 ),
(38,'2019:5:26', '9:30' ,'15:45', '123-25-7198', 1006 ),
(39,'2019:5:15', '9:30' ,'15:45', '247-53-9978', 1007 ),
(40,'2019:5:16', '9:30' ,'15:45', '247-53-9978', 1007 ),
(41,'2019:5:13', '9:30' ,'15:45', '678-64-4662', 1008 ),
(42,'2019:5:23', '9:30' ,'15:45', '678-64-4662', 1008 ),
(43,'2019:6:12', '9:30' ,'15:45', '467-25-7198', 1009 );



INSERT into manager (SSN, employeeName, contractType, fullTime, phone, address, pay) values
('263-96-8558','Kellsie Vany', 'W-2', 1,'451-612-4388','8058 Havey Park', 42.38),
('851-82-4583','Giselbert Dun','W-2',1,'268-658-5705','70 Commercial Point', 16.42),
('598-79-4573','Kiley Hixson','1099',0,'438-973-2339','7 David Alley', 44.66),
('625-25-7198','Odo Pascall','W-2',0,'802-686-4940','614 Montana Circle', 88.53),
('714-89-4372','Lou Durak','W-2',1,'364-720-8399','33 Mayer Alley', 5.22),
('123-25-7198','Bob Pascoot','W-2',1,'802-868-4900','714 Montana Square', 65.53),
('247-53-9978','Allen Yams','1099',0,'856-345-4000','416 Square St', 53.65),
('678-64-4662','Pop Jacobs','W-2',1,'467-505-3232','32 Round St', 43.12),
('467-25-7198','Will Marks','1099',0,'757-322-2178','123 Main St', 24.53),
('788-98-5498','Mark Wills','1099',0,'804-455-3569','6776 Lincoln Ave', 78.53);


INSERT into server (SSN, employeeName, contractType, fullTime, phone, address, pay, avgTips, salesPerHour) values
('660-71-4984','Cherry Riditch','1099',1,'612-549-9117','8 Ruskin Lane',7.53, 0, 22),
('481-71-2946','Becky Aujean','W-2',1,'626-534-9249','87876 Melvin Drive',9.55, 0, 17),
('560-60-1828','Guglielmo Edie','1099',1,'582-850-2359','66696 Sycamore Alley',13.11,0, 10),
('458-74-3004','Raimondo Liebmann','W-2',0,'345-173-7969','96 Fieldstone Alley',12.78, 0, 1),
('680-80-2667','Ulrick Karpmann','W-2',0,'582-767-9339','5 Esker Avenue',7.12, 0, 5),
('843-25-4945','Ashla Deeks','1099',0,'837-370-9898','01 Forest Dale Hill',12.56, 0, 8),
('447-01-1032','Carlee Kenelin','1099',0,'108-680-6048','06 Cambridge Terrace',14.85, 0, 8),
('441-95-8841','Stace Farris','W-2',1,'360-574-2333','045 Clarendon Pass',6.03, 0, 7),
('606-34-4032','Alyce Byres','1099',1,'685-371-1985','340 Londonderry Terrace',30.89, 0, 6),
('556-15-3078','Jessika Blonfield','1099',1,'769-216-5748','94 Laurel Trail',11.11, 0, 5);