
INSERT menu (menuType, restaurantID, id)
VALUES ('Lunch', 1001, 1),
       ('Dinner', 1001, 2),
       ('Kids', 1001, 3),
       ('Lunch', 1002, 4),
       ('Dinner', 1002, 5),
       ('Lunch', 1003, 6),
       ('Dinner', 1003, 7),
       ('Lunch', 1004, 8),
       ('Dinner', 1004, 9),
       ('Kids', 1004, 10),
       ('Lunch', 1005, 11),
       ('Dinner', 1005, 12),
       ('Kids', 1005, 13),
       ('Lunch', 1006, 14),
       ('Dinner', 1006, 15),
       ('Kids', 1006, 16),
       ('Lunch', 1007, 17),
       ('Dinner', 1007, 18),
       ('Kids', 1007, 19),
       ('Lunch', 1008, 20),
       ('Dinner', 1008, 21),
       ('Lunch', 1008, 22),
       ('Breakfast', 1009, 23),
       ('Lunch', 1009, 24),
       ('Dinner', 1009, 25),
       ('Kids', 1009, 26);

INSERT dish (dishType, price, cost, dateCreated, menuID, dishName)
VALUES ('Entree', 11.00, 5.00, '2019:11:16', 1, 'Meat Lovers Pizza'),
       ('Entree', 11.00, 5.00, '2015:6:1', 1, 'Pepperoni Pizza'),
       ('Entree', 9.00, 3.00, '2015:6:1', 1, 'Cheese Pizza'),
       ('Entree', 11.00, 5.00, '2015:6:1', 1, 'Sausage Pizza'),
       ('Entree', 12.00, 6.00, '2019:1:1', 1, 'Pineapple Pizza'),
       ('Entree', 7.00, 2.00, '2017:6:1', 1, 'Ham Sandwich'),
       ('Entree', 12.00, 6.00, '2017:6:1', 1, 'Pepperoni Calzone'),
       ('Entree', 10.00, 4.00, '2017:6:1', 1, 'Cheese Calzone'),
       ('Entree', 12.00, 6.00, '2017:6:1', 1, 'Sausage Calzone'),
       ('Entree', 11.00, 5.00, '2015:6:1', 2, 'Large Pepperoni Pizza'),
       ('Entree', 9.00, 3.00, '2015:6:1', 2, 'Large Cheese Pizza'),
       ('Entree', 12.00, 6.00, '2019:1:1', 2, 'Large Sausage Pizza'),
       ('Entree', 7.00, 2.00, '2017:6:1', 2, 'Dinner Ham Sandwich'),
       ('Entree', 12.00, 6.00, '2017:6:1', 2, 'Dinner Pepperoni Calzone'),
       ('Entree', 10.00, 4.00, '2017:6:1', 2, 'Dinner Cheese Calzone'),
       ('Entree', 12.00, 6.00, '2017:6:1', 2, 'Dinner Sausage Calzone'),
       ('Entree', 6.00, 2.00, '2017:6:1', 3, 'One Slice Cheese Pizza'),
       ('Entree', 6.00, 2.00, '2017:6:1', 3, 'Kids Chicken Nuggets'),
       ('Entree', 11.00, 5.00, '2015:6:1', 1, 'Sicilian Pepperoni Pizza'),

       ('Entree', 9.00, 5.00, '2018:6:1', 4, 'Beef Taco'),
       ('Entree', 9.00, 5.00, '2015:6:1', 4, 'Chicken Taco'),
       ('Entree', 10.00, 6.00, '2018:6:1', 4, 'Barbacoa Taco'),
       ('Entree', 9.00, 5.00, '2018:1:1', 4, 'Pizza Taco'),
       ('Entree', 9.00, 5.00, '2018:3:1', 5, 'Supreme Beef Taco'),
       ('Entree', 9.00, 5.00, '2018:6:1', 5, 'Supreme Chicken Taco'),
       ('Entree', 10.00, 6.00, '2018:6:1', 5, 'Supreme Barbacoa Taco'),
       ('Entree', 9.00, 5.00, '2018:1:1', 5, 'Supreme Pizza Taco'),
       ('Entree', 11.00, 7.00, '2018:1:1', 5, 'Mega Jumbo Pizza Taco'),
       ('Entree', 13.00, 5.00, '2018:6:1', 5, 'Beef Burrito'),
       ('Entree', 13.00, 5.00, '2018:8:1', 5, 'Bean Burrito'),
       ('Entree', 13.00, 6.00, '2018:2:1', 5, 'Steak Burrito'),
       ('Entree', 13.00, 5.00, '2018:1:1', 5, 'Chicken Burrito'),
       ('Entree', 13.00, 7.00, '2018:1:1', 5, 'Barbacoa Burrito'),

       ('Entree', 10.00, 5.00, '2016:6:1', 6, 'Reuben'),
       ('Entree', 10.00, 5.00, '2016:6:1', 6, 'Ham & Swiss'),
       ('Entree', 10.00, 5.00, '2016:6:1', 6, 'Roast Beef'),
       ('Entree', 10.00, 5.00, '2019:6:1', 6, 'French Dip'),
       ('Entree', 10.00, 5.00, '2016:6:1', 6, 'Chicken Parmesan'),
       ('Side', 3.00, 1.00, '2019:8:1', 6, 'Butternut Squash'),
       ('Side', 3.00, 1.00, '2016:2:1', 6, 'Broccoli Cheddar'),
       ('Side', 3.00, 1.00, '2016:1:1', 6, 'Baked Potato'),
       ('Side', 3.00, 1.00, '2016:1:1', 6, 'Chicken Tortilla'),
       ('Entree', 10.00, 5.00, '2016:6:1', 7, 'Cheeseburger'),
       ('Entree', 10.00, 5.00, '2016:6:1', 7, 'Black & Bleu Burger'),
       ('Entree', 13.00, 8.00, '2016:6:1', 7, '6 oz Sirloin'),
       ('Entree', 18.00, 10.00, '2019:6:1', 7, '10 oz Sirloin'),
       ('Entree', 10.00, 5.00, '2016:6:1', 7, 'Bowl of Chicken Parmesan'),
       ('Side', 3.00, 1.00, '2019:8:1', 7, 'Bowl of Butternut Squash'),
       ('Side', 3.00, 1.00, '2016:2:1', 7, 'Bowl of Broccoli Cheddar'),
       ('Side', 3.00, 1.00, '2016:1:1', 7, 'Bowl of Baked Potato'),
       ('Side', 3.00, 1.00, '2016:1:1', 7, 'Bowl of Chicken Tortilla'),
       ('Entree', 10.00, 5.00, '2016:6:1', 7, 'Linguine and Mussels'),
       ('Entree', 10.00, 5.00, '2016:6:1', 7, 'Chicken Pesto Penne Pasta'),

       ('Appetizer', 10.00, 5.00, '2016:6:1', 8, 'Pork Gyoza'),
       ('Appetizer', 10.00, 5.00, '2016:6:1', 8, 'Beef Gyoza'),
       ('Entree', 18.00, 10.00, '2016:6:1', 8, 'Chicken Shoyu Ramen'),
       ('Entree', 18.00, 10.00, '2019:6:1', 8, 'Pork Miso Ramen'),
       ('Entree', 14.00, 7.00, '2016:6:1', 8, 'House Lo Mein'),
       ('Side', 3.00, 1.00, '2019:8:1', 8, 'White Rice'),
       ('Side', 3.00, 1.00, '2016:2:1', 8, 'Fried Rice'),
       ('Entree', 23.00, 13.00, '2016:1:1', 8, 'Shrimp Tempura'),
       ('Entree', 53.00, 29.00, '2016:6:1', 9, 'Peking Duck'),
       ('Appetizer', 10.00, 5.00, '2016:6:1', 9, 'Dinner Beef Gyoza'),
       ('Entree', 18.00, 10.00, '2016:6:1', 9, 'Dinner Chicken Shoyu Ramen'),
       ('Entree', 18.00, 10.00, '2019:6:1', 9, 'Dinner Pork Miso Ramen'),
       ('Entree', 14.00, 7.00, '2016:6:1', 9, 'Dinner House Lo Mein'),
       ('Side', 3.00, 1.00, '2019:8:1', 9, 'Shareable White Rice'),
       ('Side', 3.00, 1.00, '2016:2:1', 9, 'Shareable Fried Rice'),
       ('Entree', 23.00, 13.00, '2016:1:1', 9, 'Dinner Shrimp Tempura'),
       ('Entree', 23.00, 13.00, '2016:1:1', 9, 'Chinese Grilled Cheese');

INSERT dish (dishType, price, cost, dateCreated, menuID, dishName)
VALUES ('Entree', 06.00, 3.00, '2019:11:16', 10, 'Kids Rice Balls'),
       ('Entree', 06.00, 3.00, '2015:6:1', 10, 'Kids Fried Dumplings');

alter table sale
add column id INT(11) PRIMARY KEY NOT NULL AUTO_INCREMENT;

alter table sale
auto_increment = 1;

ALTER TABLE sale
DROP COLUMN profit;

DROP TRIGGER calcProfit;


INSERT INTO sale (tip, timeServed, empId, dishName, restaurantID)
VALUES (5.00,'2019:6:1 12:00:00', '660-71-4984', 'Pepperoni Pizza', 1001),
       (5.00,'2019:6:1 12:05:00', '660-71-4984', 'Sausage Pizza', 1001),
       (2.00, '2019:6:2 12:10:00','660-71-4984', 'Cheese Pizza', 1001),
       (6.00,'2019:6:2 12:15:00', '660-71-4984', 'Pepperoni Pizza', 1001),
       (5.00, '2019:6:2 12:30:00','660-71-4984', 'Pepperoni Pizza', 1001),
       (5.00, '2019:6:2 12:35:00','660-71-4984', 'Ham Sandwich', 1001),
       (10.00,'2019:6:2 1:00:00', '660-71-4984', 'Pepperoni Pizza', 1001),
       (5.00, '2019:6:2 1:00:00','660-71-4984', 'Cheese Pizza', 1001),
       (5.00,'2019:6:3 1:05:00', '660-71-4984', 'Cheese Pizza', 1001),
       (20.00,'2019:6:3 13:15:00', '660-71-4984', 'Cheese Pizza', 1001),
       (5.00, '2019:6:3 13:15:00','660-71-4984', 'Pepperoni Pizza', 1001),
       (1.00, '2019:6:3 13:15:00','660-71-4984', 'Sausage Calzone', 1001),
       (5.00, '2019:6:3 13:15:00','660-71-4984', 'Pepperoni Pizza', 1001),
       (2.00, '2019:6:3 13:15:00','660-71-4984', 'Kids Chicken Nuggets', 1001),
       (5.00,'2019:6:4 13:15:00', '660-71-4984', 'Sausage Pizza', 1001),
       (2.00, '2019:6:4 13:15:00','660-71-4984', 'Cheese Pizza', 1001),
       (6.00,'2019:6:4 13:15:00', '660-71-4984', 'Pepperoni Pizza', 1001),
       (5.00, '2019:6:4 13:15:00','660-71-4984', 'Pepperoni Pizza', 1001),
       (5.00, '2019:6:4 13:15:00','660-71-4984', 'Ham Sandwich', 1001),
       (10.00,'2019:6:4 13:15:00', '660-71-4984', 'Pepperoni Pizza', 1001),
       (5.00, '2019:6:4 13:15:00','660-71-4984', 'Cheese Pizza', 1001),
       (5.00,'2019:6:4 13:15:00', '660-71-4984', 'Cheese Pizza', 1001),
       (20.00,'2019:6:4 13:15:00', '660-71-4984', 'Cheese Pizza', 1001),
       (5.00, '2019:6:4 13:15:00','660-71-4984', 'Pepperoni Pizza', 1001),
       (1.00, '2019:6:4 13:15:00','660-71-4984', 'Sausage Calzone', 1001),
       (5.00, '2019:6:4 13:15:00','660-71-4984', 'Pepperoni Pizza', 1001),
       (2.00, '2019:6:4 13:15:00','660-71-4984', 'Kids Chicken Nuggets', 1001),
       (2.00, '2019:6:4 16:15:00','660-71-4984', 'Cheese Pizza', 1001),
       (6.00,'2019:6:4 16:15:00', '660-71-4984', 'Large Pepperoni Pizza', 1001),
       (5.00, '2019:6:4 16:15:00','660-71-4984', 'Pepperoni Pizza', 1001),
       (5.00, '2019:6:4 16:20:00','660-71-4984', 'Ham Sandwich', 1001),
       (10.00,'2019:6:4 16:33:00', '660-71-4984', 'Large Pepperoni Pizza', 1001),
       (5.00, '2019:6:4 16:44:00','660-71-4984', 'Large Cheese Pizza', 1001),
       (5.00,'2019:6:4 16:55:00', '660-71-4984', 'Large Cheese Pizza', 1001),
       (20.00,'2019:6:4 17:15:00', '660-71-4984', 'Large Cheese Pizza', 1001),
       (5.00, '2019:6:4 17:25:00','660-71-4984', 'Pepperoni Pizza', 1001),
       (1.00, '2019:6:4 17:45:00','660-71-4984', 'Sausage Calzone', 1001),
       (5.00, '2019:6:4 18:15:00','660-71-4984', 'Pepperoni Pizza', 1001),
       (2.00, '2019:6:4 19:15:00','660-71-4984', 'One Slice Cheese Pizza', 1001),
       (5.00,'2019:6:4 16:55:00', '660-71-4984', 'Kids Chicken Nuggets', 1001);

       INSERT INTO sale (tip, timeServed, empId, dishName, restaurantID)
VALUES (4.00, '2019:6:1 12:00:00','481-71-2946', 'Chicken Taco', 1002),
       (2.00,'2019:6:1 12:00:00', '481-71-2946', 'Barbacoa Taco', 1002),
       (10.00, '2019:6:1 12:00:00','481-71-2946', 'Pizza Taco', 1002),
       (500.00,'2019:6:1 12:00:00', '481-71-2946', 'Supreme Beef Taco', 1002),
       (1.00, '2019:6:2 13:15:00','481-71-2946', 'Supreme Chicken Taco', 1002),
       (2.00, '2019:6:2 13:15:00','481-71-2946', 'Supreme Barbacoa Taco', 1002),
       (3.00, '2019:6:2 13:15:00','481-71-2946', 'Supreme Pizza Taco', 1002),
       (4.00,'2019:6:2 13:15:00', '481-71-2946', 'Mega Jumbo Pizza Taco', 1002),
       (5.00,'2019:6:2 13:15:00', '481-71-2946', 'Beef Burrito', 1002),
       (5.00,'2019:6:2 13:15:00', '481-71-2946', 'Steak Burrito', 1002),
       (5.00,'2019:6:3 16:15:00', '481-71-2946', 'Barbacoa Burrito', 1002),
       (5.00,'2019:6:3 16:15:00', '481-71-2946', 'Beef Taco', 1002),
       (9.00,'2019:6:3 16:15:00', '481-71-2946', 'Beef Taco', 1002),
       (5.00, '2019:6:3 16:15:00','481-71-2946', 'Beef Taco', 1002),
       (5.00, '2019:6:4 16:15:00','481-71-2946', 'Beef Taco', 1002),
       (4.00, '2019:6:4 16:15:00','481-71-2946', 'Chicken Taco', 1002),
       (2.00,'2019:6:4 16:15:00', '481-71-2946', 'Barbacoa Taco', 1002),
       (10.00, '2019:6:4 16:15:00','481-71-2946', 'Pizza Taco', 1002),
       (500.00,'2019:6:4 16:15:00', '481-71-2946', 'Supreme Beef Taco', 1002),
       (1.00, '2019:6:4 16:30:00','481-71-2946', 'Supreme Chicken Taco', 1002),
       (2.00, '2019:6:4 16:30:00','481-71-2946', 'Supreme Barbacoa Taco', 1002),
       (3.00, '2019:6:4 16:30:00','481-71-2946', 'Supreme Pizza Taco', 1002),
       (4.00,'2019:6:4 16:45:00', '481-71-2946', 'Mega Jumbo Pizza Taco', 1002),
       (5.00,'2019:6:4 16:45:00', '481-71-2946', 'Beef Burrito', 1002),
       (5.00,'2019:6:4 17:15:00', '481-71-2946', 'Steak Burrito', 1002),
       (5.00,'2019:6:4 17:15:00', '481-71-2946', 'Barbacoa Burrito', 1002),
       (5.00,'2019:6:4 17:15:00', '481-71-2946', 'Beef Taco', 1002),
       (9.00,'2019:6:4 17:15:00', '481-71-2946', 'Beef Taco', 1002),
       (5.00, '2019:6:4 17:15:00','481-71-2946', 'Beef Taco', 1002),
       (5.00, '2019:6:5 12:15:00','481-71-2946', 'Beef Taco', 1002),
       (4.00, '2019:6:5 12:15:00','481-71-2946', 'Chicken Taco', 1002),
       (2.00,'2019:6:5 12:15:00', '481-71-2946', 'Barbacoa Taco', 1002),
       (10.00, '2019:6:5 12:15:00','481-71-2946', 'Pizza Taco', 1002),
       (500.00,'2019:6:5 16:15:00', '481-71-2946', 'Supreme Beef Taco', 1002),
       (1.00, '2019:6:5 16:15:00','481-71-2946', 'Supreme Chicken Taco', 1002),
       (2.00, '2019:6:5 18:15:00','481-71-2946', 'Supreme Barbacoa Taco', 1002),
       (3.00, '2019:6:5 18:15:00','481-71-2946', 'Supreme Pizza Taco', 1002),
       (4.00,'2019:6:5 19:15:00', '481-71-2946', 'Mega Jumbo Pizza Taco', 1002),
       (5.00,'2019:6:5 19:15:00', '481-71-2946', 'Beef Burrito', 1002),
       (5.00,'2019:6:5 19:15:00', '481-71-2946', 'Steak Burrito', 1002),
       (5.00,'2019:6:5 19:15:00', '481-71-2946', 'Barbacoa Burrito', 1002),
       (5.00,'2019:6:5 19:15:00', '481-71-2946', 'Beef Taco', 1002),
       (9.00,'2019:6:5 19:15:00', '481-71-2946', 'Beef Taco', 1002),
       (5.00, '2019:6:5 19:15:00','481-71-2946', 'Beef Taco', 1002);

       INSERT INTO sale (tip, timeServed, empId, dishName, restaurantID)
VALUES (5.00,'2019:6:1 12:00:00', '560-60-1828', 'Reuben', 1003),
       (5.00,'2019:6:1 12:30:00', '560-60-1828', 'French Dip', 1003),
       (5.00,'2019:6:1 12:45:00', '560-60-1828', 'Chicken Parmesan', 1003),
       (5.00,'2019:6:1 12:45:00', '560-60-1828', 'Butternut Squash', 1003),
       (5.00,'2019:6:1 12:45:00', '560-60-1828', 'Broccoli Cheddar', 1003),
       (5.00, '2019:6:1 1:00:00','560-60-1828', 'Baked Potato', 1003),
       (5.00, '2019:6:1 1:00:00','560-60-1828', 'Chicken Tortilla', 1003),
       (5.00, '2019:6:1 18:00:00','560-60-1828', '6 oz Sirloin', 1003),
       (5.00, '2019:6:1 18:00:00','560-60-1828', '10 oz Sirloin', 1003),
       (5.00,'2019:6:1 19:00:00', '560-60-1828', 'Linguine and Mussels', 1003),
       (5.00, '2019:6:1 19:00:00','560-60-1828', 'Chicken Pesto Penne Pasta', 1003),
       (5.00,'2019:6:2 12:00:00', '560-60-1828', 'Reuben', 1003),
       (5.00,'2019:6:2 13:00:00', '560-60-1828', 'French Dip', 1003),
       (5.00,'2019:6:2 13:00:00', '560-60-1828', 'Chicken Parmesan', 1003),
       (5.00,'2019:6:2 13:00:00', '560-60-1828', 'Butternut Squash', 1003),
       (5.00,'2019:6:2 13:00:00', '560-60-1828', 'Broccoli Cheddar', 1003),
       (5.00, '2019:6:2 13:00:00','560-60-1828', 'Baked Potato', 1003),
       (5.00, '2019:6:2 17:00:00','560-60-1828', 'Chicken Tortilla', 1003),
       (5.00, '2019:6:2 18:00:00','560-60-1828', '6 oz Sirloin', 1003),
       (5.00, '2019:6:2 18:00:00','560-60-1828', '10 oz Sirloin', 1003),
       (5.00,'2019:6:2 18:00:00', '560-60-1828', 'Linguine and Mussels', 1003),
       (5.00, '2019:6:2 19:00:00','560-60-1828', 'Chicken Pesto Penne Pasta', 1003),
       (5.00,'2019:6:3 13:00:00', '560-60-1828', 'Reuben', 1003),
       (5.00,'2019:6:3 13:30:00', '560-60-1828', 'French Dip', 1003),
       (5.00,'2019:6:3 13:30:00', '560-60-1828', 'Chicken Parmesan', 1003),
       (5.00,'2019:6:3 13:30:00', '560-60-1828', 'Butternut Squash', 1003),
       (5.00,'2019:6:3 13:40:00', '560-60-1828', 'Broccoli Cheddar', 1003),
       (5.00, '2019:6:3 13:40:00','560-60-1828', 'Baked Potato', 1003),
       (5.00, '2019:6:3 16:40:00','560-60-1828', 'Chicken Tortilla', 1003),
       (5.00, '2019:6:3 18:40:00','560-60-1828', '6 oz Sirloin', 1003),
       (5.00, '2019:6:3 18:40:00','560-60-1828', '10 oz Sirloin', 1003),
       (5.00,'2019:6:3 18:40:00', '560-60-1828', 'Linguine and Mussels', 1003),
       (5.00, '2019:6:3 18:40:00','560-60-1828', 'Chicken Pesto Penne Pasta', 1003),
       (5.00,'2019:6:4 12:40:00', '560-60-1828', 'Reuben', 1003),
       (5.00,'2019:6:4 12:40:00', '560-60-1828', 'French Dip', 1003),
       (5.00,'2019:6:4 12:40:00', '560-60-1828', 'Chicken Parmesan', 1003),
       (5.00,'2019:6:4 12:50:00', '560-60-1828', 'Butternut Squash', 1003),
       (5.00,'2019:6:4 13:50:00', '560-60-1828', 'Broccoli Cheddar', 1003),
       (5.00, '2019:6:4 13:55:00','560-60-1828', 'Baked Potato', 1003),
       (5.00, '2019:6:4 18:55:00','560-60-1828', 'Chicken Tortilla', 1003),
       (5.00, '2019:6:4 18:55:00','560-60-1828', '6 oz Sirloin', 1003),
       (5.00, '2019:6:4 18:55:00','560-60-1828', '10 oz Sirloin', 1003),
       (5.00,'2019:6:4 18:55:00', '560-60-1828', 'Linguine and Mussels', 1003),
       (5.00, '2019:6:4 18:55:00','560-60-1828', 'Chicken Pesto Penne Pasta', 1003);


-- Sales of dishes made in the last month

INSERT dish (dishType, price, cost, dateCreated, menuID, dishName)
VALUES ('Entree', 11.00, 5.00, '2019:11:16', 1, 'Meat Lovers Pizza'),
       ('Entree', 11.00, 5.00, '2019:11:16', 1, 'Spinach and Mushroom Pizza'),
       ('Entree', 11.00, 5.00, '2019:11:10', 1, 'White Garlic Pizza');

INSERT INTO sale (tip, timeServed, empId, dishName, restaurantID)
VALUES (5.00,'2019:11:19 12:00:00', '660-71-4984', 'Meat Lovers Pizza', 1001),
       (5.00,'2019:11:17 12:05:00', '660-71-4984', 'Spinach and Mushroom Pizza', 1001),
       (2.00, '2019:11:12 12:10:00','660-71-4984', 'White Garlic Pizza', 1001);

-- 105
INSERT dish (dishType, price, cost, dateCreated, menuID, dishName)
VALUES ('Entree', 15.00, 5.00, '2019:11:16', 11, 'Four Cheese Ravioli'),
       ('Entree', 15.00, 5.00, '2015:6:1', 11, 'Spinach Ravioli'),
       ('Appetizer', 9.00, 3.00, '2015:6:1', 11, 'Bruchetta'),
       ('Entree', 19.00, 5.00, '2015:6:1', 11, 'Truffle Chicken Parmesan');

INSERT dish (dishType, price, cost, dateCreated, menuID, dishName)
VALUES ('Entree', 25.00, 15.00, '2019:11:16', 12, 'Seafood Pasta'),
       ('Entree', 19.00, 9.00, '2015:6:1', 12, 'Truffle Delight'),
       ('Desert', 9.00, 4.00, '2015:6:1', 12, 'Tiramisu'),
       ('Entree', 24.00, 15.00, '2015:6:1', 12, 'Truffle Mushroom Risotto');

INSERT dish (dishType, price, cost, dateCreated, menuID, dishName)
VALUES ('Entree', 8.00, 3.00, '2019:11:16', 13, 'Kids Spaghetti'),
       ('Entree', 9.00, 4.00, '2015:6:1', 13, 'Kids Cheese Ravioli'),
       ('Desert', 4.00, 1.00, '2015:6:1', 13, 'Chocolate Gelato');

       INSERT INTO sale (tip, timeServed, empId, dishName, restaurantID)
VALUES (4.00, '2019:6:1 12:00:00','680-80-2667', 'Four Cheese Ravioli', 1005),
       (2.00,'2019:6:1 12:00:00', '680-80-2667', 'Four Cheese Ravioli', 1005),
       (10.00, '2019:6:1 12:00:00','680-80-2667', 'Truffle Chicken Parmesan', 1005),
       (250.00,'2019:6:1 12:00:00', '680-80-2667', 'Truffle Chicken Parmesan', 1005),
       (2.00, '2019:6:2 13:15:00','680-80-2667', 'Truffle Chicken Parmesan', 1005),
       (3.00, '2019:6:2 13:15:00','680-80-2667', 'Truffle Chicken Parmesan', 1005),
       (4.00,'2019:6:2 13:15:00', '680-80-2667', 'Truffle Chicken Parmesan', 1005),
       (5.00,'2019:6:2 13:15:00', '680-80-2667', 'Spinach Ravioli', 1005),
       (5.00,'2019:6:2 13:15:00', '680-80-2667', 'Spinach Ravioli', 1005),
       (5.00,'2019:6:3 16:15:00', '680-80-2667', 'Barbacoa Burrito', 1005),
       (5.00,'2019:6:3 16:15:00', '680-80-2667', 'Four Cheese Ravioli', 1005),
       (9.00,'2019:6:3 16:15:00', '680-80-2667', 'Four Cheese Ravioli', 1005),
       (5.00, '2019:6:3 16:15:00','680-80-2667', 'Four Cheese Ravioli', 1005),
       (5.00, '2019:6:4 16:15:00','680-80-2667', 'Four Cheese Ravioli', 1005),
       (4.00, '2019:6:4 16:15:00','680-80-2667', 'Four Cheese Ravioli', 1005),
       (2.00,'2019:6:4 16:15:00', '680-80-2667', 'Four Cheese Ravioli', 1005),
       (10.00, '2019:6:4 16:15:00','680-80-2667', 'Truffle Chicken Parmesan', 1005),
       (250.00,'2019:6:4 16:15:00', '680-80-2667', 'Truffle Chicken Parmesan', 1005),
       (2.00, '2019:6:4 16:30:00','680-80-2667', 'Truffle Chicken Parmesan', 1005),
       (3.00, '2019:6:4 16:30:00','680-80-2667', 'Truffle Chicken Parmesan', 1005),
       (4.00,'2019:6:4 16:45:00', '680-80-2667', 'Truffle Chicken Parmesan', 1005),
       (5.00,'2019:6:4 16:45:00', '680-80-2667', 'Spinach Ravioli', 1005),
       (5.00,'2019:6:4 17:15:00', '680-80-2667', 'Spinach Ravioli', 1005),
       (5.00,'2019:6:4 17:15:00', '680-80-2667', 'Barbacoa Burrito', 1005),
       (5.00,'2019:6:4 17:15:00', '680-80-2667', 'Four Cheese Ravioli', 1005),
       (9.00,'2019:6:4 17:15:00', '680-80-2667', 'Four Cheese Ravioli', 1005),
       (5.00, '2019:6:4 17:15:00','680-80-2667', 'Four Cheese Ravioli', 1005),
       (5.00, '2019:6:5 12:15:00','680-80-2667', 'Four Cheese Ravioli', 1005),
       (4.00, '2019:6:5 12:15:00','680-80-2667', 'Four Cheese Ravioli', 1005),
       (2.00,'2019:6:5 12:15:00', '680-80-2667', 'Four Cheese Ravioli', 1005),
       (10.00, '2019:6:5 12:15:00','680-80-2667', 'Truffle Chicken Parmesan', 1005),
       (250.00,'2019:6:5 16:15:00', '680-80-2667', 'Truffle Chicken Parmesan', 1005),
       (2.00, '2019:6:5 18:15:00','680-80-2667', 'Truffle Chicken Parmesan', 1005),
       (3.00, '2019:6:5 18:15:00','680-80-2667', 'Truffle Chicken Parmesan', 1005),
       (4.00,'2019:6:5 19:15:00', '680-80-2667', 'Truffle Chicken Parmesan', 1005),
       (5.00,'2019:6:5 19:15:00', '680-80-2667', 'Spinach Ravioli', 1005),
       (5.00,'2019:6:5 19:15:00', '680-80-2667', 'Spinach Ravioli', 1005),
       (5.00,'2019:6:5 19:15:00', '680-80-2667', 'Barbacoa Burrito', 1005),
       (5.00,'2019:6:5 19:15:00', '680-80-2667', 'Four Cheese Ravioli', 1005),
       (9.00,'2019:6:5 19:15:00', '680-80-2667', 'Four Cheese Ravioli', 1005),
       (5.00, '2019:6:5 19:15:00','680-80-2667', 'Four Cheese Ravioli', 1005);

-- 1006
INSERT dish (dishType, price, cost, dateCreated, menuID, dishName)
VALUES ('Entree', 45.00, 15.00, '2019:11:16', 14, 'Full Lobster'),
       ('Entree', 25.00, 7.00, '2015:6:1', 14, 'Lobster Macaroni and Cheese'),
       ('Entree', 19.00, 10.00, '2015:6:1', 14, 'Shrimp Platter'),
       ('Entree', 14.00, 07.00, '2015:6:1', 14, 'Alaskan Cod Filet');

INSERT dish (dishType, price, cost, dateCreated, menuID, dishName)
VALUES ('Entree', 55.00, 30.00, '2019:11:16', 15, 'Lobster Platter'),
       ('Entree', 35.00, 18.00, '2015:6:1', 15, 'Shareable Lobster Macaroni and Cheese'),
       ('Entree', 29.00, 15.00, '2015:6:1', 15, 'Seafood Platter'),
       ('Entree', 24.00, 17.00, '2015:6:1', 15, 'Fish and Chips');

INSERT dish (dishType, price, cost, dateCreated, menuID, dishName)
VALUES ('Entree', 5.00, 3.00, '2019:11:16', 16, 'Seafood Grilled Cheese'),
       ('Entree', 5.00, 3.00, '2015:6:1', 16, 'Red Lobster Fried Chicken Sandwich');

       INSERT INTO sale (tip, timeServed, empId, dishName, restaurantID)
VALUES (4.00, '2019:6:1 12:00:00','843-25-4945', 'Lobster Macaroni and Cheese', 1006),
       (2.00,'2019:6:1 12:00:00', '843-25-4945', 'Lobster Macaroni and Cheese', 1006),
       (10.00, '2019:6:1 12:00:00','843-25-4945', 'Shrimp Platter', 1006),
       (12.00,'2019:6:1 12:00:00', '843-25-4945', 'Shrimp Platter', 1006),
       (2.00, '2019:6:2 13:15:00','843-25-4945', 'Shrimp Platter', 1006),
       (3.00, '2019:6:2 13:15:00','843-25-4945', 'Shrimp Platter', 1006),
       (4.00,'2019:6:2 13:15:00', '843-25-4945', 'Shrimp Platter', 1006),
       (5.00,'2019:6:2 13:15:00', '843-25-4945', 'Alaskan Cod Filet', 1006),
       (5.00,'2019:6:2 13:15:00', '843-25-4945', 'Alaskan Cod Filet', 1006),
       (5.00,'2019:6:3 16:15:00', '843-25-4945', 'Fish and Chips', 1006),
       (5.00,'2019:6:3 16:15:00', '843-25-4945', 'Lobster Macaroni and Cheese', 1006),
       (9.00,'2019:6:3 16:15:00', '843-25-4945', 'Lobster Macaroni and Cheese', 1006),
       (5.00, '2019:6:3 16:15:00','843-25-4945', 'Lobster Macaroni and Cheese', 1006),
       (5.00, '2019:6:4 16:15:00','843-25-4945', 'Lobster Macaroni and Cheese', 1006),
       (4.00, '2019:6:4 16:15:00','843-25-4945', 'Lobster Macaroni and Cheese', 1006),
       (2.00,'2019:6:4 16:15:00', '843-25-4945', 'Lobster Macaroni and Cheese', 1006),
       (10.00, '2019:6:4 16:15:00','843-25-4945', 'Shrimp Platter', 1006),
       (12.00,'2019:6:4 16:15:00', '843-25-4945', 'Shrimp Platter', 1006),
       (2.00, '2019:6:4 16:30:00','843-25-4945', 'Shrimp Platter', 1006),
       (3.00, '2019:6:4 16:30:00','843-25-4945', 'Shrimp Platter', 1006),
       (4.00,'2019:6:4 16:45:00', '843-25-4945', 'Shrimp Platter', 1006),
       (5.00,'2019:6:4 16:45:00', '843-25-4945', 'Alaskan Cod Filet', 1006),
       (5.00,'2019:6:4 17:15:00', '843-25-4945', 'Alaskan Cod Filet', 1006),
       (5.00,'2019:6:4 17:15:00', '843-25-4945', 'Fish and Chips', 1006),
       (5.00,'2019:6:4 17:15:00', '843-25-4945', 'Lobster Macaroni and Cheese', 1006),
       (9.00,'2019:6:4 17:15:00', '843-25-4945', 'Lobster Macaroni and Cheese', 1006),
       (5.00, '2019:6:4 17:15:00','843-25-4945', 'Lobster Macaroni and Cheese', 1006),
       (5.00, '2019:6:5 12:15:00','843-25-4945', 'Lobster Macaroni and Cheese', 1006),
       (4.00, '2019:6:5 12:15:00','843-25-4945', 'Lobster Macaroni and Cheese', 1006),
       (2.00,'2019:6:5 12:15:00', '843-25-4945', 'Lobster Macaroni and Cheese', 1006),
       (10.00, '2019:6:5 12:15:00','843-25-4945', 'Shrimp Platter', 1006),
       (12.00,'2019:6:5 16:15:00', '843-25-4945', 'Shrimp Platter', 1006),
       (2.00, '2019:6:5 18:15:00','843-25-4945', 'Shrimp Platter', 1006),
       (3.00, '2019:6:5 18:15:00','843-25-4945', 'Shrimp Platter', 1006),
       (4.00,'2019:6:5 19:15:00', '843-25-4945', 'Shrimp Platter', 1006),
       (5.00,'2019:6:5 19:15:00', '843-25-4945', 'Alaskan Cod Filet', 1006),
       (5.00,'2019:6:5 19:15:00', '843-25-4945', 'Alaskan Cod Filet', 1006),
       (5.00,'2019:6:5 19:15:00', '843-25-4945', 'Fish and Chips', 1006),
       (5.00,'2019:6:5 19:15:00', '843-25-4945', 'Lobster Macaroni and Cheese', 1006),
       (9.00,'2019:6:5 19:15:00', '843-25-4945', 'Lobster Macaroni and Cheese', 1006),
       (5.00, '2019:6:5 19:15:00','843-25-4945', 'Lobster Macaroni and Cheese', 1006);

-- 1007
INSERT dish (dishType, price, cost, dateCreated, menuID, dishName)
VALUES ('Entree', 15.00, 8.00, '2019:11:16', 17, 'BJs Cheeseburger'),
       ('Entree', 15.00, 7.00, '2015:6:1', 17, 'BJs BBQ Sandwich'),
       ('Entree', 10.00, 3.00, '2019:11:16', 17, 'BJs Grilled Cheese'),
       ('Entree', 15.00, 8.00, '2015:6:1', 17, 'BJs Reuben Sandwich');

INSERT dish (dishType, price, cost, dateCreated, menuID, dishName)
VALUES ('Entree', 25.00, 18.00, '2019:11:16', 18, 'BJs BBQ Nachos'),
       ('Entree', 25.00, 17.00, '2015:6:1', 18, 'BJs BBQ Platter'),
       ('Entree', 20.00, 13.00, '2019:11:16', 18, 'BJs Seafood Grilled Cheese'),
       ('Entree', 25.00, 18.00, '2015:6:1', 18, 'BJs Sausage Platter');

INSERT dish (dishType, price, cost, dateCreated, menuID, dishName)
VALUES ('Entree', 25.00, 18.00, '2019:11:16', 19, 'BJs Kids Chicken Sandwich'),
       ('Entree', 25.00, 17.00, '2015:6:1', 19, 'BJs Kids Grilled Cheese');

        INSERT INTO sale (tip, timeServed, empId, dishName, restaurantID)
VALUES (4.00, '2019:6:1 12:00:00','447-01-1032', 'BJs Cheeseburger', 1007),
       (2.00,'2019:6:1 12:00:00', '447-01-1032', 'BJs Cheeseburger', 1007),
       (10.00, '2019:6:1 12:00:00','447-01-1032', 'BJs BBQ Sandwich', 1007),
       (35.00,'2019:6:1 12:00:00', '447-01-1032', 'BJs BBQ Sandwich', 1007),
       (2.00, '2019:6:2 13:15:00','447-01-1032', 'BJs BBQ Sandwich', 1007),
       (3.00, '2019:6:2 13:15:00','447-01-1032', 'BJs BBQ Sandwich', 1007),
       (4.00,'2019:6:2 13:15:00', '447-01-1032', 'BJs BBQ Sandwich', 1007),
       (5.00,'2019:6:2 13:15:00', '447-01-1032', 'BJs Grilled Cheese', 1007),
       (5.00,'2019:6:2 13:15:00', '447-01-1032', 'BJs Grilled Cheese', 1007),
       (5.00,'2019:6:3 16:15:00', '447-01-1032', 'BJs Reuben Sandwich', 1007),
       (5.00,'2019:6:3 16:15:00', '447-01-1032', 'BJs Cheeseburger', 1007),
       (9.00,'2019:6:3 16:15:00', '447-01-1032', 'BJs Cheeseburger', 1007),
       (5.00, '2019:6:3 16:15:00','447-01-1032', 'BJs Cheeseburger', 1007),
       (5.00, '2019:6:4 16:15:00','447-01-1032', 'BJs Cheeseburger', 1007),
       (4.00, '2019:6:4 16:15:00','447-01-1032', 'BJs Cheeseburger', 1007),
       (2.00,'2019:6:4 16:15:00', '447-01-1032', 'BJs Cheeseburger', 1007),
       (10.00, '2019:6:4 16:15:00','447-01-1032', 'BJs BBQ Sandwich', 1007),
       (35.00,'2019:6:4 16:15:00', '447-01-1032', 'BJs BBQ Sandwich', 1007),
       (2.00, '2019:6:4 16:30:00','447-01-1032', 'BJs BBQ Sandwich', 1007),
       (3.00, '2019:6:4 16:30:00','447-01-1032', 'BJs BBQ Sandwich', 1007),
       (4.00,'2019:6:4 16:45:00', '447-01-1032', 'BJs BBQ Sandwich', 1007),
       (5.00,'2019:6:4 16:45:00', '447-01-1032', 'BJs Grilled Cheese', 1007),
       (5.00,'2019:6:4 17:15:00', '447-01-1032', 'BJs Grilled Cheese', 1007),
       (5.00,'2019:6:4 17:15:00', '447-01-1032', 'BJs Reuben Sandwich', 1007),
       (5.00,'2019:6:4 17:15:00', '447-01-1032', 'BJs Cheeseburger', 1007),
       (9.00,'2019:6:4 17:15:00', '447-01-1032', 'BJs Cheeseburger', 1007),
       (5.00, '2019:6:4 17:15:00','447-01-1032', 'BJs Cheeseburger', 1007),
       (5.00, '2019:6:5 12:15:00','447-01-1032', 'BJs Cheeseburger', 1007),
       (4.00, '2019:6:5 12:15:00','447-01-1032', 'BJs Cheeseburger', 1007),
       (2.00,'2019:6:5 12:15:00', '447-01-1032', 'BJs Cheeseburger', 1007),
       (10.00, '2019:6:5 12:15:00','447-01-1032', 'BJs BBQ Sandwich', 1007),
       (35.00,'2019:6:5 16:15:00', '447-01-1032', 'BJs BBQ Sandwich', 1007),
       (2.00, '2019:6:5 18:15:00','447-01-1032', 'BJs BBQ Sandwich', 1007),
       (3.00, '2019:6:5 18:15:00','447-01-1032', 'BJs BBQ Sandwich', 1007),
       (4.00,'2019:6:5 19:15:00', '447-01-1032', 'BJs BBQ Sandwich', 1007),
       (5.00,'2019:6:5 19:15:00', '447-01-1032', 'BJs Grilled Cheese', 1007),
       (5.00,'2019:6:5 19:15:00', '447-01-1032', 'BJs Grilled Cheese', 1007),
       (5.00,'2019:6:5 19:15:00', '447-01-1032', 'BJs Reuben Sandwich', 1007),
       (5.00,'2019:6:5 19:15:00', '447-01-1032', 'BJs Cheeseburger', 1007),
       (9.00,'2019:6:5 19:15:00', '447-01-1032', 'BJs Cheeseburger', 1007),
       (5.00, '2019:6:5 19:15:00','447-01-1032', 'BJs Cheeseburger', 1007);


        INSERT INTO sale (tip, timeServed, empId, dishName, restaurantID)
VALUES (4.00, '2019:6:1 12:00:00','843-25-4945', 'BJs Cheeseburger', 1007),
       (2.00,'2019:6:1 12:00:00', '843-25-4945', 'BJs Cheeseburger', 1007),
       (10.00, '2019:6:1 12:00:00','843-25-4945', 'BJs BBQ Sandwich', 1007),
       (35.00,'2019:6:1 12:00:00', '843-25-4945', 'BJs BBQ Sandwich', 1007),
       (2.00, '2019:6:2 13:15:00','843-25-4945', 'BJs BBQ Sandwich', 1007),
       (3.00, '2019:6:2 13:15:00','843-25-4945', 'BJs BBQ Sandwich', 1007),
       (4.00,'2019:6:2 13:15:00', '843-25-4945', 'BJs BBQ Sandwich', 1007),
       (5.00,'2019:6:2 13:15:00', '843-25-4945', 'BJs Grilled Cheese', 1007),
       (5.00,'2019:6:2 13:15:00', '843-25-4945', 'BJs Grilled Cheese', 1007),
       (5.00,'2019:6:3 16:15:00', '843-25-4945', 'BJs Reuben Sandwich', 1007),
       (5.00,'2019:6:3 16:15:00', '843-25-4945', 'BJs Cheeseburger', 1007),
       (9.00,'2019:6:3 16:15:00', '843-25-4945', 'BJs Cheeseburger', 1007),
       (5.00, '2019:6:3 16:15:00','843-25-4945', 'BJs Cheeseburger', 1007),
       (5.00, '2019:6:4 16:15:00','843-25-4945', 'BJs Cheeseburger', 1007),
       (4.00, '2019:6:4 16:15:00','843-25-4945', 'BJs Cheeseburger', 1007),
       (2.00,'2019:6:4 16:15:00', '843-25-4945', 'BJs Cheeseburger', 1007),
       (10.00, '2019:6:4 16:15:00','843-25-4945', 'BJs BBQ Sandwich', 1007),
       (35.00,'2019:6:4 16:15:00', '843-25-4945', 'BJs BBQ Sandwich', 1007),
       (2.00, '2019:6:4 16:30:00','843-25-4945', 'BJs BBQ Sandwich', 1007),
       (3.00, '2019:6:4 16:30:00','843-25-4945', 'BJs BBQ Sandwich', 1007),
       (4.00,'2019:6:4 16:45:00', '843-25-4945', 'BJs BBQ Sandwich', 1007),
       (5.00,'2019:6:4 16:45:00', '843-25-4945', 'BJs Grilled Cheese', 1007),
       (5.00,'2019:6:4 17:15:00', '843-25-4945', 'BJs Grilled Cheese', 1007),
       (5.00,'2019:6:4 17:15:00', '843-25-4945', 'BJs Reuben Sandwich', 1007),
       (5.00,'2019:6:4 17:15:00', '843-25-4945', 'BJs Cheeseburger', 1007),
       (9.00,'2019:6:4 17:15:00', '843-25-4945', 'BJs Cheeseburger', 1007),
       (5.00, '2019:6:4 17:15:00','843-25-4945', 'BJs Cheeseburger', 1007),
       (5.00, '2019:6:5 12:15:00','843-25-4945', 'BJs Cheeseburger', 1007),
       (4.00, '2019:6:5 12:15:00','843-25-4945', 'BJs Cheeseburger', 1007),
       (2.00,'2019:6:5 12:15:00', '843-25-4945', 'BJs Cheeseburger', 1007),
       (10.00, '2019:6:5 12:15:00','843-25-4945', 'BJs BBQ Sandwich', 1007),
       (35.00,'2019:6:5 16:15:00', '843-25-4945', 'BJs BBQ Sandwich', 1007),
       (2.00, '2019:6:5 18:15:00','843-25-4945', 'BJs BBQ Sandwich', 1007),
       (3.00, '2019:6:5 18:15:00','843-25-4945', 'BJs BBQ Sandwich', 1007),
       (4.00,'2019:6:5 19:15:00', '843-25-4945', 'BJs BBQ Sandwich', 1007),
       (5.00,'2019:6:5 19:15:00', '843-25-4945', 'BJs Grilled Cheese', 1007),
       (5.00,'2019:6:5 19:15:00', '843-25-4945', 'BJs Grilled Cheese', 1007),
       (5.00,'2019:6:5 19:15:00', '843-25-4945', 'BJs Reuben Sandwich', 1007),
       (5.00,'2019:6:5 19:15:00', '843-25-4945', 'BJs Cheeseburger', 1007),
       (9.00,'2019:6:5 19:15:00', '843-25-4945', 'BJs Cheeseburger', 1007),
       (5.00, '2019:6:5 19:15:00','843-25-4945', 'BJs Cheeseburger', 1007);


-- 1008 cookout
INSERT dish (dishType, price, cost, dateCreated, menuID, dishName)
VALUES ('Entree', 5.00, 2.00, '2019:11:16', 20, 'Cookout Cheeseburger'),
       ('Entree', 2.00, 0.50, '2015:6:1', 20, 'Cookout Fries'),
       ('Entree', 6.00, 3.00, '2019:11:16', 20, 'Cookout BBQ Sandwich'),
       ('Entree', 2.00, 1.00, '2015:6:1', 20, 'Cookout Hotdog');

INSERT dish (dishType, price, cost, dateCreated, menuID, dishName)
VALUES ('Entree', 8.00, 5.00, '2019:11:16', 21, 'XL Cookout Cheeseburger'),
       ('Entree', 5.00, 3.50, '2015:6:1', 21, 'XL Cookout Fries'),
       ('Entree', 9.00, 6.00, '2019:11:16', 21, 'XL Cookout BBQ Sandwich'),
       ('Entree', 5.00, 4.00, '2015:6:1', 21, 'XL Cookout Hotdog');


        INSERT INTO sale (tip, timeServed, empId, dishName, restaurantID)
VALUES (0, '2019:6:1 12:00:00','441-95-8841', 'Cookout Cheeseburger', 1008),
       (0.00,'2019:6:1 12:00:00', '441-95-8841', 'Cookout Cheeseburger', 1008),
       (0.00, '2019:6:1 12:00:00','441-95-8841', 'Cookout Fries', 1008),
       (0.00,'2019:6:1 12:00:00', '441-95-8841', 'Cookout Fries', 1008),
       (0.00, '2019:6:2 13:15:00','441-95-8841', 'Cookout Fries', 1008),
       (0.00, '2019:6:2 13:15:00','441-95-8841', 'Cookout Fries', 1008),
       (0.00,'2019:6:2 13:15:00', '441-95-8841', 'Cookout Fries', 1008),
       (0.00,'2019:6:2 13:15:00', '441-95-8841', 'Cookout BBQ Sandwich', 1008),
       (0.00,'2019:6:2 13:15:00', '441-95-8841', 'Cookout BBQ Sandwich', 1008),
       (0.00,'2019:6:3 16:15:00', '441-95-8841', 'XL Cookout Hotdog', 1008),
       (0.00,'2019:6:3 16:15:00', '441-95-8841', 'Cookout Cheeseburger', 1008),
       (0.00,'2019:6:3 16:15:00', '441-95-8841', 'Cookout Cheeseburger', 1008),
       (0.00, '2019:6:3 16:15:00','441-95-8841', 'Cookout Cheeseburger', 1008),
       (0.00, '2019:6:4 16:15:00','441-95-8841', 'Cookout Cheeseburger', 1008),
       (0.00, '2019:6:4 16:15:00','441-95-8841', 'Cookout Cheeseburger', 1008),
       (0.00,'2019:6:4 16:15:00', '441-95-8841', 'Cookout Cheeseburger', 1008),
       (0.00, '2019:6:4 16:15:00','441-95-8841', 'Cookout Fries', 1008),
       (0.00,'2019:6:4 16:15:00', '441-95-8841', 'Cookout Fries', 1008),
       (0.00, '2019:6:4 16:30:00','441-95-8841', 'Cookout Fries', 1008),
       (0.00, '2019:6:4 16:30:00','441-95-8841', 'Cookout Fries', 1008),
       (0.00,'2019:6:4 16:45:00', '441-95-8841', 'Cookout Fries', 1008),
       (0.00,'2019:6:4 16:45:00', '441-95-8841', 'Cookout BBQ Sandwich', 1008),
       (0.00,'2019:6:4 17:15:00', '441-95-8841', 'Cookout BBQ Sandwich', 1008),
       (0.00,'2019:6:4 17:15:00', '441-95-8841', 'XL Cookout Hotdog', 1008),
       (0.00,'2019:6:4 17:15:00', '441-95-8841', 'Cookout Cheeseburger', 1008),
       (0.00,'2019:6:4 17:15:00', '441-95-8841', 'Cookout Cheeseburger', 1008),
       (0.00, '2019:6:4 17:15:00','441-95-8841', 'Cookout Cheeseburger', 1008),
       (0.00, '2019:6:5 12:15:00','441-95-8841', 'Cookout Cheeseburger', 1008),
       (0.00, '2019:6:5 12:15:00','441-95-8841', 'Cookout Cheeseburger', 1008),
       (0.00,'2019:6:5 12:15:00', '441-95-8841', 'Cookout Cheeseburger', 1008),
       (0.00, '2019:6:5 12:15:00','441-95-8841', 'Cookout Fries', 1008),
       (0.00,'2019:6:5 16:15:00', '441-95-8841', 'Cookout Fries', 1008),
       (0.00, '2019:6:5 18:15:00','441-95-8841', 'Cookout Fries', 1008),
       (0.00, '2019:6:5 18:15:00','441-95-8841', 'Cookout Fries', 1008),
       (0.00,'2019:6:5 19:15:00', '441-95-8841', 'Cookout Fries', 1008),
       (0.00,'2019:6:5 19:15:00', '441-95-8841', 'Cookout BBQ Sandwich', 1008),
       (0.00,'2019:6:5 19:15:00', '441-95-8841', 'Cookout BBQ Sandwich', 1008),
       (0.00,'2019:6:5 19:15:00', '441-95-8841', 'XL Cookout Hotdog', 1008),
       (0.00,'2019:6:5 19:15:00', '441-95-8841', 'Cookout Cheeseburger', 1008),
       (0.00,'2019:6:5 19:15:00', '441-95-8841', 'Cookout Cheeseburger', 1008),
       (0.00, '2019:6:5 19:15:00','441-95-8841', 'Cookout Cheeseburger', 1008);

-- 1009 waffle house
INSERT dish (dishType, price, cost, dateCreated, menuID, dishName)
VALUES ('Entree', 8.00, 5.00, '2019:11:16', 22, 'Waffles'),
       ('Entree', 5.00, 3.50, '2015:6:1', 22, 'Pancakes'),
       ('Entree', 9.00, 6.00, '2019:11:16', 22, 'Chicken and Waffles'),
       ('Entree', 5.00, 4.00, '2015:6:1', 22, 'Homefries');

INSERT dish (dishType, price, cost, dateCreated, menuID, dishName)
VALUES ('Entree', 8.00, 5.00, '2019:11:16', 23, 'XL Waffles'),
       ('Entree', 5.00, 3.50, '2015:6:1', 23, 'XL Pancakes'),
       ('Entree', 9.00, 6.00, '2019:11:16', 23, 'XL Chicken and Waffles'),
       ('Entree', 5.00, 4.00, '2015:6:1', 23, 'XL Homefries');

        INSERT INTO sale (tip, timeServed, empId, dishName, restaurantID)
VALUES (0, '2019:6:1 12:00:00','606-34-4032', 'Waffles', 1009),
       (2.00,'2019:6:1 12:00:00', '606-34-4032', 'Waffles', 1009),
       (10.00, '2019:6:1 12:00:00','606-34-4032', 'Chicken and Waffles', 1009),
       (35.00,'2019:6:1 12:00:00', '606-34-4032', 'Chicken and Waffles', 1009),
       (2.00, '2019:6:2 13:15:00','606-34-4032', 'Chicken and Waffles', 1009),
       (3.00, '2019:6:2 13:15:00','606-34-4032', 'Chicken and Waffles', 1009),
       (4.00,'2019:6:2 13:15:00', '606-34-4032', 'Chicken and Waffles', 1009),
       (5.00,'2019:6:2 13:15:00', '606-34-4032', 'Homefries', 1009),
       (5.00,'2019:6:2 13:15:00', '606-34-4032', 'Homefries', 1009),
       (5.00,'2019:6:3 16:15:00', '606-34-4032', 'XL Waffles', 1009),
       (5.00,'2019:6:3 16:15:00', '606-34-4032', 'Waffles', 1009),
       (9.00,'2019:6:3 16:15:00', '606-34-4032', 'Waffles', 1009),
       (5.00, '2019:6:3 16:15:00','606-34-4032', 'Waffles', 1009),
       (5.00, '2019:6:4 16:15:00','606-34-4032', 'Waffles', 1009),
       (4.00, '2019:6:4 16:15:00','606-34-4032', 'Waffles', 1009),
       (2.00,'2019:6:4 16:15:00', '606-34-4032', 'Waffles', 1009),
       (10.00, '2019:6:4 16:15:00','606-34-4032', 'Chicken and Waffles', 1009),
       (35.00,'2019:6:4 16:15:00', '606-34-4032', 'Chicken and Waffles', 1009),
       (2.00, '2019:6:4 16:30:00','606-34-4032', 'Chicken and Waffles', 1009),
       (3.00, '2019:6:4 16:30:00','606-34-4032', 'Chicken and Waffles', 1009),
       (4.00,'2019:6:4 16:45:00', '606-34-4032', 'Chicken and Waffles', 1009),
       (5.00,'2019:6:4 16:45:00', '606-34-4032', 'Homefries', 1009),
       (5.00,'2019:6:4 17:15:00', '606-34-4032', 'Homefries', 1009),
       (5.00,'2019:6:4 17:15:00', '606-34-4032', 'XL Waffles', 1009),
       (5.00,'2019:6:4 17:15:00', '606-34-4032', 'Waffles', 1009),
       (9.00,'2019:6:4 17:15:00', '606-34-4032', 'Waffles', 1009),
       (5.00, '2019:6:4 17:15:00','606-34-4032', 'Waffles', 1009),
       (5.00, '2019:6:5 12:15:00','606-34-4032', 'Waffles', 1009),
       (4.00, '2019:6:5 12:15:00','606-34-4032', 'Waffles', 1009),
       (2.00,'2019:6:5 12:15:00', '606-34-4032', 'Waffles', 1009),
       (10.00, '2019:6:5 12:15:00','606-34-4032', 'Chicken and Waffles', 1009),
       (35.00,'2019:6:5 16:15:00', '606-34-4032', 'Chicken and Waffles', 1009),
       (2.00, '2019:6:5 18:15:00','606-34-4032', 'Chicken and Waffles', 1009),
       (3.00, '2019:6:5 18:15:00','606-34-4032', 'Chicken and Waffles', 1009),
       (4.00,'2019:6:5 19:15:00', '606-34-4032', 'Chicken and Waffles', 1009),
       (5.00,'2019:6:5 19:15:00', '606-34-4032', 'Homefries', 1009),
       (5.00,'2019:6:5 19:15:00', '606-34-4032', 'Homefries', 1009),
       (5.00,'2019:6:5 19:15:00', '606-34-4032', 'XL Waffles', 1009),
       (5.00,'2019:6:5 19:15:00', '606-34-4032', 'Waffles', 1009),
       (9.00,'2019:6:5 19:15:00', '606-34-4032', 'Waffles', 1009),
       (5.00, '2019:6:5 19:15:00','606-34-4032', 'Waffles', 1009),
       (5.00,'2019:6:5 19:15:00', '606-34-4032', 'Waffles', 1009),
       (9.00,'2019:6:5 19:15:00', '606-34-4032', 'Waffles', 1009),
       (5.00, '2019:6:5 19:15:00','606-34-4032', 'Waffles', 1009),
       (5.00,'2019:6:5 19:15:00', '606-34-4032', 'Waffles', 1009),
       (9.00,'2019:6:5 19:15:00', '606-34-4032', 'Waffles', 1009),
       (5.00, '2019:6:5 19:15:00','606-34-4032', 'Waffles', 1009),
       (5.00,'2019:6:5 19:15:00', '606-34-4032', 'Waffles', 1009),
       (9.00,'2019:6:5 19:15:00', '606-34-4032', 'Waffles', 1009),
       (5.00, '2019:6:5 19:15:00','606-34-4032', 'Waffles', 1009),
       (5.00,'2019:6:5 19:15:00', '606-34-4032', 'Waffles', 1009),
       (9.00,'2019:6:5 19:15:00', '606-34-4032', 'Waffles', 1009),
       (5.00, '2019:6:5 19:15:00','606-34-4032', 'Waffles', 1009),
       (5.00,'2019:6:5 19:15:00', '606-34-4032', 'Waffles', 1009),
       (9.00,'2019:6:5 19:15:00', '606-34-4032', 'Waffles', 1009),
       (5.00, '2019:6:5 19:15:00','606-34-4032', 'Waffles', 1009),
       (5.00,'2019:6:5 19:15:00', '606-34-4032', 'Waffles', 1009),
       (9.00,'2019:6:5 19:15:00', '606-34-4032', 'Waffles', 1009),
       (5.00, '2019:6:5 19:15:00','606-34-4032', 'Waffles', 1009),        INSERT INTO sale (tip, timeServed, empId, dishName, restaurantID)
VALUES (0, '2019:6:1 12:00:00','606-34-4032', 'Waffles', 1009),
       (2.00,'2019:6:1 12:00:00', '606-34-4032', 'Waffles', 1009),
       (10.00, '2019:6:1 12:00:00','606-34-4032', 'Chicken and Waffles', 1009),
       (35.00,'2019:6:1 12:00:00', '606-34-4032', 'Chicken and Waffles', 1009),
       (2.00, '2019:6:2 13:15:00','606-34-4032', 'Chicken and Waffles', 1009),
       (3.00, '2019:6:2 13:15:00','606-34-4032', 'Chicken and Waffles', 1009),
       (4.00,'2019:6:2 13:15:00', '606-34-4032', 'Chicken and Waffles', 1009),
       (5.00,'2019:6:2 13:15:00', '606-34-4032', 'Homefries', 1009),
       (5.00,'2019:6:2 13:15:00', '606-34-4032', 'Homefries', 1009),
       (5.00,'2019:6:3 16:15:00', '606-34-4032', 'XL Waffles', 1009),
       (5.00,'2019:6:3 16:15:00', '606-34-4032', 'Waffles', 1009),
       (9.00,'2019:6:3 16:15:00', '606-34-4032', 'Waffles', 1009),
       (5.00, '2019:6:3 16:15:00','606-34-4032', 'Waffles', 1009),
       (5.00, '2019:6:4 16:15:00','606-34-4032', 'Waffles', 1009),
       (4.00, '2019:6:4 16:15:00','606-34-4032', 'Waffles', 1009),
       (2.00,'2019:6:4 16:15:00', '606-34-4032', 'Waffles', 1009),
       (10.00, '2019:6:4 16:15:00','606-34-4032', 'Chicken and Waffles', 1009),
       (35.00,'2019:6:4 16:15:00', '606-34-4032', 'Chicken and Waffles', 1009),
       (2.00, '2019:6:4 16:30:00','606-34-4032', 'Chicken and Waffles', 1009),
       (3.00, '2019:6:4 16:30:00','606-34-4032', 'Chicken and Waffles', 1009),
       (4.00,'2019:6:4 16:45:00', '606-34-4032', 'Chicken and Waffles', 1009),
       (5.00,'2019:6:4 16:45:00', '606-34-4032', 'Homefries', 1009),
       (5.00,'2019:6:4 17:15:00', '606-34-4032', 'Homefries', 1009),
       (5.00,'2019:6:4 17:15:00', '606-34-4032', 'XL Waffles', 1009),
       (5.00,'2019:6:4 17:15:00', '606-34-4032', 'Waffles', 1009),
       (9.00,'2019:6:4 17:15:00', '606-34-4032', 'Waffles', 1009),
       (5.00, '2019:6:4 17:15:00','606-34-4032', 'Waffles', 1009),
       (5.00, '2019:6:5 12:15:00','606-34-4032', 'Waffles', 1009),
       (4.00, '2019:6:5 12:15:00','606-34-4032', 'Waffles', 1009),
       (2.00,'2019:6:5 12:15:00', '606-34-4032', 'Waffles', 1009),
       (10.00, '2019:6:5 12:15:00','606-34-4032', 'Chicken and Waffles', 1009),
       (35.00,'2019:6:5 16:15:00', '606-34-4032', 'Chicken and Waffles', 1009),
       (2.00, '2019:6:5 18:15:00','606-34-4032', 'Chicken and Waffles', 1009),
       (3.00, '2019:6:5 18:15:00','606-34-4032', 'Chicken and Waffles', 1009),
       (4.00,'2019:6:5 19:15:00', '606-34-4032', 'Chicken and Waffles', 1009),
       (5.00,'2019:6:5 19:15:00', '606-34-4032', 'Homefries', 1009),
       (5.00,'2019:6:5 19:15:00', '606-34-4032', 'Homefries', 1009),
       (5.00,'2019:6:5 19:15:00', '606-34-4032', 'XL Waffles', 1009),
       (5.00,'2019:6:5 19:15:00', '606-34-4032', 'Waffles', 1009),
       (9.00,'2019:6:5 19:15:00', '606-34-4032', 'Waffles', 1009),
       (5.00, '2019:6:5 19:15:00','606-34-4032', 'Waffles', 1009),
       (5.00,'2019:6:5 19:15:00', '606-34-4032', 'Waffles', 1009),
       (9.00,'2019:6:5 19:15:00', '606-34-4032', 'Waffles', 1009),
       (5.00, '2019:6:5 19:15:00','606-34-4032', 'Waffles', 1009),
       (5.00,'2019:6:5 19:15:00', '606-34-4032', 'Waffles', 1009),
       (9.00,'2019:6:5 19:15:00', '606-34-4032', 'Waffles', 1009),
       (5.00, '2019:6:5 19:15:00','606-34-4032', 'Waffles', 1009),
       (5.00,'2019:6:5 19:15:00', '606-34-4032', 'Waffles', 1009),
       (9.00,'2019:6:5 19:15:00', '606-34-4032', 'Waffles', 1009),
       (5.00, '2019:6:5 19:15:00','606-34-4032', 'Waffles', 1009),
       (5.00,'2019:6:5 19:15:00', '606-34-4032', 'Waffles', 1009),
       (9.00,'2019:6:5 19:15:00', '606-34-4032', 'Waffles', 1009),
       (5.00, '2019:6:5 19:15:00','606-34-4032', 'Waffles', 1009),
       (5.00,'2019:6:5 19:15:00', '606-34-4032', 'Waffles', 1009),
       (9.00,'2019:6:5 19:15:00', '606-34-4032', 'Waffles', 1009),
       (5.00, '2019:6:5 19:15:00','606-34-4032', 'Waffles', 1009),
       (5.00,'2019:6:5 19:15:00', '606-34-4032', 'Waffles', 1009),
       (9.00,'2019:6:5 19:15:00', '606-34-4032', 'Waffles', 1009),
       (5.00, '2019:6:5 19:15:00','606-34-4032', 'Waffles', 1009);
        INSERT INTO sale (tip, timeServed, empId, dishName, restaurantID)
VALUES (0, '2019:6:1 12:00:00','606-34-4032', 'Waffles', 1009),
       (2.00,'2019:6:1 12:00:00', '606-34-4032', 'Waffles', 1009),
       (10.00, '2019:6:1 12:00:00','606-34-4032', 'Chicken and Waffles', 1009),
       (35.00,'2019:6:1 12:00:00', '606-34-4032', 'Chicken and Waffles', 1009),
       (2.00, '2019:6:2 13:15:00','606-34-4032', 'Chicken and Waffles', 1009),
       (3.00, '2019:6:2 13:15:00','606-34-4032', 'Chicken and Waffles', 1009),
       (4.00,'2019:6:2 13:15:00', '606-34-4032', 'Chicken and Waffles', 1009),
       (5.00,'2019:6:2 13:15:00', '606-34-4032', 'Homefries', 1009),
       (5.00,'2019:6:2 13:15:00', '606-34-4032', 'Homefries', 1009),
       (5.00,'2019:6:3 16:15:00', '606-34-4032', 'XL Waffles', 1009),
       (5.00,'2019:6:3 16:15:00', '606-34-4032', 'Waffles', 1009),
       (9.00,'2019:6:3 16:15:00', '606-34-4032', 'Waffles', 1009),
       (5.00, '2019:6:3 16:15:00','606-34-4032', 'Waffles', 1009),
       (5.00, '2019:6:4 16:15:00','606-34-4032', 'Waffles', 1009),
       (4.00, '2019:6:4 16:15:00','606-34-4032', 'Waffles', 1009),
       (2.00,'2019:6:4 16:15:00', '606-34-4032', 'Waffles', 1009),
       (10.00, '2019:6:4 16:15:00','606-34-4032', 'Chicken and Waffles', 1009),
       (35.00,'2019:6:4 16:15:00', '606-34-4032', 'Chicken and Waffles', 1009),
       (2.00, '2019:6:4 16:30:00','606-34-4032', 'Chicken and Waffles', 1009),
       (3.00, '2019:6:4 16:30:00','606-34-4032', 'Chicken and Waffles', 1009),
       (4.00,'2019:6:4 16:45:00', '606-34-4032', 'Chicken and Waffles', 1009),
       (5.00,'2019:6:4 16:45:00', '606-34-4032', 'Homefries', 1009),
       (5.00,'2019:6:4 17:15:00', '606-34-4032', 'Homefries', 1009),
       (5.00,'2019:6:4 17:15:00', '606-34-4032', 'XL Waffles', 1009),
       (5.00,'2019:6:4 17:15:00', '606-34-4032', 'Waffles', 1009),
       (9.00,'2019:6:4 17:15:00', '606-34-4032', 'Waffles', 1009),
       (5.00, '2019:6:4 17:15:00','606-34-4032', 'Waffles', 1009),
       (5.00, '2019:6:5 12:15:00','606-34-4032', 'Waffles', 1009),
       (4.00, '2019:6:5 12:15:00','606-34-4032', 'Waffles', 1009),
       (2.00,'2019:6:5 12:15:00', '606-34-4032', 'Waffles', 1009),
       (10.00, '2019:6:5 12:15:00','606-34-4032', 'Chicken and Waffles', 1009),
       (35.00,'2019:6:5 16:15:00', '606-34-4032', 'Chicken and Waffles', 1009),
       (2.00, '2019:6:5 18:15:00','606-34-4032', 'Chicken and Waffles', 1009),
       (3.00, '2019:6:5 18:15:00','606-34-4032', 'Chicken and Waffles', 1009),
       (4.00,'2019:6:5 19:15:00', '606-34-4032', 'Chicken and Waffles', 1009),
       (5.00,'2019:6:5 19:15:00', '606-34-4032', 'Homefries', 1009),
       (5.00,'2019:6:5 19:15:00', '606-34-4032', 'Homefries', 1009),
       (5.00,'2019:6:5 19:15:00', '606-34-4032', 'XL Waffles', 1009),
       (5.00,'2019:6:5 19:15:00', '606-34-4032', 'Waffles', 1009),
       (9.00,'2019:6:5 19:15:00', '606-34-4032', 'Waffles', 1009),
       (5.00, '2019:6:5 19:15:00','606-34-4032', 'Waffles', 1009),
       (5.00,'2019:6:5 19:15:00', '606-34-4032', 'Waffles', 1009),
       (9.00,'2019:6:5 19:15:00', '606-34-4032', 'Waffles', 1009),
       (5.00, '2019:6:5 19:15:00','606-34-4032', 'Waffles', 1009),
       (5.00,'2019:6:5 19:15:00', '606-34-4032', 'Waffles', 1009),
       (9.00,'2019:6:5 19:15:00', '606-34-4032', 'Waffles', 1009),
       (5.00, '2019:6:5 19:15:00','606-34-4032', 'Waffles', 1009),
       (5.00,'2019:6:5 19:15:00', '606-34-4032', 'Waffles', 1009),
       (9.00,'2019:6:5 19:15:00', '606-34-4032', 'Waffles', 1009),
       (5.00, '2019:6:5 19:15:00','606-34-4032', 'Waffles', 1009),
       (5.00,'2019:6:5 19:15:00', '606-34-4032', 'Waffles', 1009),
       (9.00,'2019:6:5 19:15:00', '606-34-4032', 'Waffles', 1009),
       (5.00, '2019:6:5 19:15:00','606-34-4032', 'Waffles', 1009),
       (5.00,'2019:6:5 19:15:00', '606-34-4032', 'Waffles', 1009),
       (9.00,'2019:6:5 19:15:00', '606-34-4032', 'Waffles', 1009),
       (5.00, '2019:6:5 19:15:00','606-34-4032', 'Waffles', 1009),
       (5.00,'2019:6:5 19:15:00', '606-34-4032', 'Waffles', 1009),
       (9.00,'2019:6:5 19:15:00', '606-34-4032', 'Waffles', 1009),
       (5.00, '2019:6:5 19:15:00','606-34-4032', 'Waffles', 1009);
        INSERT INTO sale (tip, timeServed, empId, dishName, restaurantID)
VALUES (0, '2019:6:1 12:00:00','606-34-4032', 'Waffles', 1009),
       (2.00,'2019:6:1 12:00:00', '606-34-4032', 'Waffles', 1009),
       (10.00, '2019:6:1 12:00:00','606-34-4032', 'Chicken and Waffles', 1009),
       (35.00,'2019:6:1 12:00:00', '606-34-4032', 'Chicken and Waffles', 1009),
       (2.00, '2019:6:2 13:15:00','606-34-4032', 'Chicken and Waffles', 1009),
       (3.00, '2019:6:2 13:15:00','606-34-4032', 'Chicken and Waffles', 1009),
       (4.00,'2019:6:2 13:15:00', '606-34-4032', 'Chicken and Waffles', 1009),
       (5.00,'2019:6:2 13:15:00', '606-34-4032', 'Homefries', 1009),
       (5.00,'2019:6:2 13:15:00', '606-34-4032', 'Homefries', 1009),
       (5.00,'2019:6:3 16:15:00', '606-34-4032', 'XL Waffles', 1009),
       (5.00,'2019:6:3 16:15:00', '606-34-4032', 'Waffles', 1009),
       (9.00,'2019:6:3 16:15:00', '606-34-4032', 'Waffles', 1009),
       (5.00, '2019:6:3 16:15:00','606-34-4032', 'Waffles', 1009),
       (5.00, '2019:6:4 16:15:00','606-34-4032', 'Waffles', 1009),
       (4.00, '2019:6:4 16:15:00','606-34-4032', 'Waffles', 1009),
       (2.00,'2019:6:4 16:15:00', '606-34-4032', 'Waffles', 1009),
       (10.00, '2019:6:4 16:15:00','606-34-4032', 'Chicken and Waffles', 1009),
       (35.00,'2019:6:4 16:15:00', '606-34-4032', 'Chicken and Waffles', 1009),
       (2.00, '2019:6:4 16:30:00','606-34-4032', 'Chicken and Waffles', 1009),
       (3.00, '2019:6:4 16:30:00','606-34-4032', 'Chicken and Waffles', 1009),
       (4.00,'2019:6:4 16:45:00', '606-34-4032', 'Chicken and Waffles', 1009),
       (5.00,'2019:6:4 16:45:00', '606-34-4032', 'Homefries', 1009),
       (5.00,'2019:6:4 17:15:00', '606-34-4032', 'Homefries', 1009),
       (5.00,'2019:6:4 17:15:00', '606-34-4032', 'XL Waffles', 1009),
       (5.00,'2019:6:4 17:15:00', '606-34-4032', 'Waffles', 1009),
       (9.00,'2019:6:4 17:15:00', '606-34-4032', 'Waffles', 1009),
       (5.00, '2019:6:4 17:15:00','606-34-4032', 'Waffles', 1009),
       (5.00, '2019:6:5 12:15:00','606-34-4032', 'Waffles', 1009),
       (4.00, '2019:6:5 12:15:00','606-34-4032', 'Waffles', 1009),
       (2.00,'2019:6:5 12:15:00', '606-34-4032', 'Waffles', 1009),
       (10.00, '2019:6:5 12:15:00','606-34-4032', 'Chicken and Waffles', 1009),
       (35.00,'2019:6:5 16:15:00', '606-34-4032', 'Chicken and Waffles', 1009),
       (2.00, '2019:6:5 18:15:00','606-34-4032', 'Chicken and Waffles', 1009),
       (3.00, '2019:6:5 18:15:00','606-34-4032', 'Chicken and Waffles', 1009),
       (4.00,'2019:6:5 19:15:00', '606-34-4032', 'Chicken and Waffles', 1009),
       (5.00,'2019:6:5 19:15:00', '606-34-4032', 'Homefries', 1009),
       (5.00,'2019:6:5 19:15:00', '606-34-4032', 'Homefries', 1009),
       (5.00,'2019:6:5 19:15:00', '606-34-4032', 'XL Waffles', 1009),
       (5.00,'2019:6:5 19:15:00', '606-34-4032', 'Waffles', 1009),
       (9.00,'2019:6:5 19:15:00', '606-34-4032', 'Waffles', 1009),
       (5.00, '2019:6:5 19:15:00','606-34-4032', 'Waffles', 1009),
       (5.00,'2019:6:5 19:15:00', '606-34-4032', 'Waffles', 1009),
       (9.00,'2019:6:5 19:15:00', '606-34-4032', 'Waffles', 1009),
       (5.00, '2019:6:5 19:15:00','606-34-4032', 'Waffles', 1009),
       (5.00,'2019:6:5 19:15:00', '606-34-4032', 'Waffles', 1009),
       (9.00,'2019:6:5 19:15:00', '606-34-4032', 'Waffles', 1009),
       (5.00, '2019:6:5 19:15:00','606-34-4032', 'Waffles', 1009),
       (5.00,'2019:6:5 19:15:00', '606-34-4032', 'Waffles', 1009),
       (9.00,'2019:6:5 19:15:00', '606-34-4032', 'Waffles', 1009),
       (5.00, '2019:6:5 19:15:00','606-34-4032', 'Waffles', 1009),
       (5.00,'2019:6:5 19:15:00', '606-34-4032', 'Waffles', 1009),
       (9.00,'2019:6:5 19:15:00', '606-34-4032', 'Waffles', 1009),
       (5.00, '2019:6:5 19:15:00','606-34-4032', 'Waffles', 1009),
       (5.00,'2019:6:5 19:15:00', '606-34-4032', 'Waffles', 1009),
       (9.00,'2019:6:5 19:15:00', '606-34-4032', 'Waffles', 1009),
       (5.00, '2019:6:5 19:15:00','606-34-4032', 'Waffles', 1009),
       (5.00,'2019:6:5 19:15:00', '606-34-4032', 'Waffles', 1009),
       (9.00,'2019:6:5 19:15:00', '606-34-4032', 'Waffles', 1009),
       (5.00, '2019:6:5 19:15:00','606-34-4032', 'Waffles', 1009),
       (9.00,'2019:6:5 19:15:00', '606-34-4032', 'Waffles', 1009),
       (5.00, '2019:6:5 19:15:00','606-34-4032', 'Waffles', 1009),
       (5.00,'2019:6:5 19:15:00', '606-34-4032', 'Waffles', 1009),
       (9.00,'2019:6:5 19:15:00', '606-34-4032', 'Waffles', 1009),
       (5.00, '2019:6:5 19:15:00','606-34-4032', 'Waffles', 1009),
       (5.00,'2019:6:5 19:15:00', '606-34-4032', 'Waffles', 1009),
       (9.00,'2019:6:5 19:15:00', '606-34-4032', 'Waffles', 1009),
       (5.00, '2019:6:5 19:15:00','606-34-4032', 'Waffles', 1009),
       (9.00,'2019:6:5 19:15:00', '606-34-4032', 'Waffles', 1009),
       (5.00, '2019:6:5 19:15:00','606-34-4032', 'Waffles', 1009),
       (5.00,'2019:6:5 19:15:00', '606-34-4032', 'Waffles', 1009),
       (9.00,'2019:6:5 19:15:00', '606-34-4032', 'Waffles', 1009),
       (5.00, '2019:6:5 19:15:00','606-34-4032', 'Waffles', 1009),
       (5.00,'2019:6:5 19:15:00', '606-34-4032', 'Waffles', 1009),
       (9.00,'2019:6:5 19:15:00', '606-34-4032', 'Waffles', 1009),
       (5.00, '2019:6:5 19:15:00','606-34-4032', 'Waffles', 1009),
       (9.00,'2019:6:5 19:15:00', '606-34-4032', 'Waffles', 1009),
       (5.00, '2019:6:5 19:15:00','606-34-4032', 'Waffles', 1009),
       (5.00,'2019:6:5 19:15:00', '606-34-4032', 'Waffles', 1009),
       (9.00,'2019:6:5 19:15:00', '606-34-4032', 'Waffles', 1009),
       (5.00, '2019:6:5 19:15:00','606-34-4032', 'Waffles', 1009),
       (5.00,'2019:6:5 19:15:00', '606-34-4032', 'Waffles', 1009),
       (9.00,'2019:6:5 19:15:00', '606-34-4032', 'Waffles', 1009),
       (5.00, '2019:6:5 19:15:00','606-34-4032', 'Waffles', 1009),
       (9.00,'2019:6:5 19:15:00', '606-34-4032', 'Waffles', 1009),
       (5.00, '2019:6:5 19:15:00','606-34-4032', 'Waffles', 1009),
       (5.00,'2019:6:5 19:15:00', '606-34-4032', 'Waffles', 1009),
       (9.00,'2019:6:5 19:15:00', '606-34-4032', 'Waffles', 1009),
       (5.00, '2019:6:5 19:15:00','606-34-4032', 'Waffles', 1009),
       (5.00,'2019:6:5 19:15:00', '606-34-4032', 'Waffles', 1009),
       (9.00,'2019:6:5 19:15:00', '606-34-4032', 'Waffles', 1009),
       (5.00, '2019:6:5 19:15:00','606-34-4032', 'Waffles', 1009);



-- sushi place

INSERT dish (dishType, price, cost, dateCreated, menuID, dishName)
VALUES ('Entree', 6.00, 2.00, '2019:11:16', 24, 'California Roll'),
       ('Entree', 9.00, 4.50, '2015:6:1', 24, 'Spicy Tuna Roll'),
       ('Entree', 9.00, 5.50, '2019:11:16', 24, 'Yellowfin Tuna Roll'),
       ('Entree', 11.00, 6.00, '2015:6:1', 24, 'Sashimi Sampler');

INSERT dish (dishType, price, cost, dateCreated, menuID, dishName)
VALUES ('Entree', 6.00, 2.00, '2019:11:16', 25, 'XL California Roll'),
       ('Entree', 9.00, 4.50, '2015:6:1', 25, 'XL Spicy Tuna Roll'),
       ('Entree', 9.00, 5.50, '2019:11:16', 25, 'XL Yellowfin Tuna Roll'),
       ('Entree', 11.00, 6.00, '2015:6:1', 25, 'XL Sashimi Sampler');


INSERT dish (dishType, price, cost, dateCreated, menuID, dishName)
VALUES ('Entree', 6.00, 2.00, '2019:11:16', 26, 'Kids California Roll'),
       ('Entree', 6.50, 2.50, '2015:6:1', 26, 'Kids Noodle Bowl');

--menu was messed up for the last restauraunt

UPDATE menu
SET
    restaurantID = '1010'
WHERE
    ID = 25 OR id = 26 OR id = 24;

INSERT INTO sale (tip, timeServed, empId, dishName, restaurantID)
VALUES (4.00, '2019:6:1 12:00:00','560-60-1828', 'California Roll', 1010),
     (4.00, '2019:6:1 12:00:00','560-60-1828', 'Sashimi Sampler', 1010),
(4.00, '2019:6:1 12:00:00','560-60-1828', 'California Roll', 1010),
(6.00, '2019:6:1 12:30:00','560-60-1828', 'Sashimi Sampler', 1010),
(5.00, '2019:6:1 14:00:00','560-60-1828', 'Spicy Tuna Roll', 1010),
(8.00, '2019:6:1 15:00:00','560-60-1828', 'Spicy Tuna Roll', 1010),
(4.50, '2019:6:1 16:00:00','560-60-1828', 'Spicy Tuna Roll', 1010),
(3.00, '2019:6:2 12:00:00','560-60-1828', 'Yellowfin Tuna Roll', 1010),
(2.00, '2019:6:2 13:00:00','560-60-1828', 'Yellowfin Tuna Roll', 1010),
(4.00, '2019:6:2 14:00:00','560-60-1828', 'XL California Roll', 1010),
(4.30, '2019:6:2 14:00:00','560-60-1828', 'XL Sashimi Sampler', 1010),
(5.00, '2019:6:2 14:00:00','560-60-1828', 'XL California Roll', 1010),
(6.00, '2019:6:2 14:30:00','560-60-1828', 'California Roll', 1010),
(5.75, '2019:6:2 14:45:00','560-60-1828', 'XL California Roll', 1010),
(4.00, '2019:6:3 11:00:00','560-60-1828', 'XL Sashimi Sampler', 1010),
(6.64, '2019:6:3 12:00:00','560-60-1828', 'Sashimi Sampler', 1010),
(6.00, '2019:6:3 12:20:00','560-60-1828', 'XL Sashimi Sampler', 1010),
(9.00, '2019:6:3 13:00:00','560-60-1828', 'XL Spicy Tuna Roll', 1010),
(2.50, '2019:6:4 13:30:00','560-60-1828', 'XL Spicy Tuna Roll', 1010),
(7.00, '2019:6:4 13:45:00','560-60-1828', 'California Roll', 1010),
(6.00, '2019:6:4 15:00:00','560-60-1828', 'Sashimi Sampler', 1010),
(11.25, '2019:6:4 15:45:00','560-60-1828', 'XL Yellowfin Tuna Roll', 1010),
(5.50, '2019:6:4 16:00:00','560-60-1828', 'XL Spicy Tuna Roll', 1010),
(12.00, '2019:6:5 12:00:00','560-60-1828', 'XL Yellowfin Tuna Roll', 1010),
(4.00, '2019:6:5 14:00:00','560-60-1828', 'XL Spicy Tuna Roll', 1010),
(4.83, '2019:6:5 14:10:00','560-60-1828', 'XL Spicy Tuna Roll', 1010),
(4.50, '2019:6:5 14:15:00','560-60-1828', 'XL Spicy Tuna Roll', 1010),
(4.00, '2019:6:5 14:32:00','560-60-1828', 'XL Spicy Tuna Roll', 1010),
(3.00, '2019:6:5 14:35:00','560-60-1828', 'XL Spicy Tuna Roll', 1010),
(5.00, '2019:6:5 14:38:00','560-60-1828', 'XL California Roll', 1010),
(3.00, '2019:6:5 15:15:00','560-60-1828', 'XL Spicy Tuna Roll', 1010),
(4.50, '2019:6:5 15:35:00','560-60-1828', 'XL California Roll', 1010),
(4.75, '2019:6:5 15:40:00','560-60-1828', 'XL Spicy Tuna Roll', 1010),
(5.00, '2019:6:5 15:46:00','560-60-1828', 'XL California Roll', 1010),
(3.50, '2019:6:5 15:56:00','560-60-1828', 'XL California Roll', 1010);